Assessing games ranks with a min popularity of: 1000,
Rank,Popularity
1,20360
2,14868
3,9698
4,13437
5,40241
6,40082
7,15609
8,12990
9,15888
10,15959
11,4451
12,34785
14,10899
15,15946
16,8876
17,12458
18,9934
19,37409
20,19300
21,6978
22,19455
23,10341
24,28946
25,8779
26,11456
27,15980
28,20336
29,21052
30,12207
31,44868
32,9962
33,17880
34,8346
35,7926
36,5189
38,7019
39,9907
40,12215
41,6292
42,5575
43,44572
44,5717
45,9031
46,10066
47,6127
48,6123
49,3137
50,5445
51,23832
52,4876
53,3812
54,9361
56,6875
57,8728
58,4483
59,9156
61,3050
62,6132
63,12161
64,26331
65,4418
66,5461
67,5689
68,9087
69,13901
70,14157
71,9751
72,3987
73,11365
74,6776
75,3599
76,5813
77,9988
78,5484
79,9913
80,9147
81,8005
82,6597
84,37611
85,2268
86,2628
87,2322
88,6232
89,16496
90,16534
91,10860
92,18853
93,7708
94,9472
95,4789
96,9601
97,9440
99,13793
100,4505
101,5608
102,5240
104,4640
106,2701
107,6305
108,9247
111,7184
112,7046
114,53363
115,10057
116,6388
117,33550
118,9442
119,1429
120,24340
121,4049
122,22488
123,5751
124,7189
125,25299
126,18809
127,2610
128,5251
129,2635
130,3001
131,10705
132,7415
133,6130
134,5610
135,10212
136,4128
137,4902
138,1643
139,11095
140,5679
141,7725
142,7410
143,8983
144,4650
145,25880
147,1750
148,3551
149,16202
150,2006
151,5329
152,8247
153,13496
154,15587
155,8260
156,8469
157,1566
158,12010
159,8313
160,11344
161,7576
162,6959
163,5147
164,11677
165,3823
166,16735
167,3753
168,3940
169,9609
170,54254
172,6517
173,10088
174,9624
175,7148
176,4973
177,3805
178,6723
179,11488
180,3451
181,7601
183,5470
184,3199
185,10506
187,3847
188,3155
189,6002
190,5926
191,5846
192,6400
195,3005
196,8811
198,3521
199,4314
200,12623
201,1410
202,2071
204,4525
205,3484
206,8805
207,2673
211,4377
212,2580
213,5937
214,3044
215,1617
216,3591
217,6058
218,11973
219,4096
220,31586
221,1572
222,11446
223,12337
224,2271
225,2802
226,6441
227,3306
228,16945
229,6848
230,2872
232,3726
233,4882
234,3829
235,2351
237,4373
238,5114
239,2657
240,4209
241,1444
242,2725
243,4202
244,3081
245,3472
246,5495
247,2970
248,3292
249,1738
251,4570
252,5508
253,1887
254,1770
256,3383
257,6217
258,6526
259,2342
260,7583
262,13631
263,16804
264,2336
265,2169
266,1740
267,22066
268,5239
269,6785
270,1674
271,3053
272,6381
273,4578
274,5516
275,3660
276,2930
278,5077
279,8293
280,2356
281,1587
282,3154
283,3352
285,23910
286,2816
288,3198
289,8803
290,1517
291,6437
292,7269
293,2487
295,10236
296,2867
297,6163
298,2629
299,2056
300,2283
301,3737
302,1834
303,6590
304,6027
305,2851
307,5198
310,3641
311,2361
312,6981
315,9384
317,17703
318,4143
319,5215
320,2300
321,3184
322,3546
323,3008
324,4382
325,9956
326,2784
327,2785
328,2908
330,5076
332,1856
334,3022
335,5152
336,5488
337,17045
338,2698
339,14328
340,11258
341,6857
342,2311
344,9549
345,3568
347,2046
348,2301
349,1971
350,1822
351,4720
352,3567
353,8207
354,3986
355,10783
357,3285
358,2773
359,3527
360,2163
361,4900
362,1497
364,6615
366,7075
367,5441
368,6365
369,4414
370,3260
371,4100
372,8697
373,2649
374,14255
375,8145
380,11764
383,5655
384,2433
385,2262
386,2244
387,10768
388,1420
391,1267
392,4136
393,1980
395,1978
397,2694
398,2026
399,5672
400,4653
402,1394
403,3705
404,2609
405,4899
406,1970
407,9060
408,3545
409,1608
410,3036
411,3054
412,5312
413,1960
414,4264
416,1788
417,6692
418,10412
419,3762
420,1812
422,7780
423,8036
424,3659
425,2846
426,3303
427,1559
428,2265
429,3695
430,8431
434,5940
435,1015
436,2327
437,5617
438,5353
440,4368
441,2707
442,10385
443,3644
444,5197
445,2677
446,2807
447,1105
448,3937
449,3985
450,4055
452,1934
453,2270
454,1238
457,3265
459,2804
460,5867
462,2559
463,8468
464,3069
465,9933
466,4022
468,2573
469,2620
471,2589
475,1723
477,2692
478,4853
479,3534
480,2757
481,12935
482,3972
484,3556
485,1244
489,2764
492,4310
493,7651
495,6626
497,6951
498,2343
500,1695
502,1174
505,2515
506,10641
508,1314
509,1388
510,1645
512,3401
514,3831
515,2083
517,3222
518,3283
519,2095
520,6085
521,3945
523,2332
528,1508
530,1862
531,5974
533,1637
534,2777
535,3778
536,10194
537,4334
538,3355
539,2426
540,1614
541,4364
542,2199
543,2279
544,5921
545,2601
546,4921
549,1338
550,3389
551,1091
552,4229
554,3491
560,1033
561,1563
563,1539
564,3483
565,1265
566,4228
567,2031
569,1840
570,4311
571,1891
573,5163
574,2955
575,2743
576,2584
578,2379
579,2733
581,2528
582,3124
583,2012
584,2372
586,2245
587,1853
588,2810
591,3573
592,1747
593,2693
595,6096
597,2616
598,3185
599,2864
600,1196
601,2225
603,1850
604,4520
605,3072
606,1219
609,3196
611,2240
612,3316
613,4254
614,1335
615,1864
616,2166
617,2564
618,1762
623,3990
628,1682
629,4794
630,2893
631,7547
634,8064
637,2456
638,1207
641,1014
642,1495
643,4071
644,1586
646,1584
652,2431
653,2513
654,12900
656,2791
657,2462
660,11110
661,3563
662,3096
663,2155
665,5875
667,1438
668,1165
669,2050
670,3984
673,3559
675,1737
676,4827
677,1235
679,1780
680,2061
681,2604
684,1325
685,2627
686,2797
687,1817
690,5393
693,1712
694,6067
695,1421
696,1511
698,1989
702,1190
703,1577
705,1521
707,1795
710,1601
711,1984
713,2611
715,4493
716,1151
718,5607
720,3045
721,1331
722,2660
723,1786
724,2977
727,1224
728,1640
729,2219
731,1018
732,1384
733,6238
734,1220
736,1277
737,1757
738,1435
739,1487
742,3157
743,1777
744,1694
746,16707
747,1457
748,1686
749,4800
750,4784
751,1204
754,1390
755,1883
756,1567
758,3503
759,2948
760,1821
763,2473
766,1976
770,5144
771,1097
772,2174
773,1849
776,1483
777,2708
779,6662
780,3371
782,1615
783,1463
784,6306
791,2871
792,1524
794,1479
795,1692
797,1698
798,2574
803,3112
806,3009
807,3439
811,1599
812,1296
813,1557
814,1548
815,2800
821,1083
822,1119
830,1874
833,12883
834,2207
837,1662
838,1983
839,2726
841,1560
843,3732
844,3501
845,3496
847,2489
848,2471
849,2134
850,3434
860,2495
862,1042
863,3731
864,1166
865,5919
866,1953
867,2568
870,7520
871,1270
877,1975
881,1578
887,6113
890,8642
892,1498
895,1034
897,1793
898,4099
902,2623
905,4137
906,2232
907,2544
911,2547
914,1402
920,2639
922,2737
923,2794
924,1355
925,1087
926,4135
928,3082
935,7799
936,2047
938,1043
944,1412
945,1591
946,1595
952,5356
954,5044
955,4028
957,4863
958,1052
959,1529
964,1381
968,3796
969,1685
971,1993
974,2186
975,1473
984,1332
988,1979
989,1543
990,1371
994,4370
995,1376
996,2066
998,1898
1000,6619
1002,1522
1005,7905
1008,2491
1012,3932
1013,1200
1014,9006
1016,1530
1021,1532
1022,2317
1024,2120
1028,1078
1030,1649
1034,3744
1037,1142
1039,1232
1040,2860
1042,1580
1045,1363
1052,2217
1053,1175
1055,1347
1057,2339
1058,2197
1064,2129
1066,3130
1069,1239
1070,1480
1073,2141
1076,1398
1077,3333
1078,2344
1080,2107
1082,2113
1083,2093
1090,3037
1098,5549
1099,1414
1102,1879
1103,1720
1107,1168
1109,3575
1110,7244
1111,1310
1113,3029
1123,1298
1124,1663
1125,1038
1127,2466
1132,1863
1133,4284
1134,1268
1137,2276
1142,1774
1143,1655
1148,6112
1151,1212
1155,1046
1158,1386
1159,1837
1162,1547
1164,16420
1167,2003
1171,3946
1175,1470
1178,2195
1179,1280
1183,1339
1186,1564
1187,1952
1191,1621
1192,1611
1197,1477
1198,1337
1203,1003
1205,1492
1211,1705
1212,4250
1214,1813
1215,3152
1218,2001
1220,1597
1221,1236
1226,2991
1233,2277
1234,1783
1239,2318
1241,1878
1242,1791
1246,1996
1257,5480
1260,1032
1262,2617
1263,2116
1264,3967
1269,1404
1275,1923
1276,2098
1280,1728
1282,1251
1287,2164
1288,1490
1297,1415
1299,1664
1303,2087
1305,1324
1308,1809
1309,1702
1310,2097
1313,1426
1314,1218
1316,2034
1318,2333
1320,1081
1321,3244
1326,4177
1330,2875
1334,1072
1342,1881
1350,1897
1356,2533
1359,8956
1372,1203
1373,2022
1378,3953
1380,1156
1382,5969
1390,2323
1396,1327
1400,1080
1401,1478
1404,1148
1408,1063
1417,6502
1420,1871
1421,1209
1424,1680
1436,1227
1439,1245
1442,1340
1451,1537
1454,1261
1457,3385
1459,1283
1461,1049
1465,1474
1481,1618
1485,1448
1490,1252
1493,1143
1496,4395
1501,3203
1503,1158
1504,1471
1509,1206
1511,1128
1512,1722
1514,1334
1520,1139
1524,1294
1527,1321
1531,1024
1532,4130
1538,1264
1553,1841
1569,1700
1570,4074
1577,1226
1598,1250
1610,1299
1612,1177
1613,1192
1619,3182
1620,1729
1627,1304
1635,1317
1641,1157
1646,1112
1648,1512
1650,1375
1653,1182
1670,1683
1673,1802
1675,4618
1678,1006
1679,1092
1681,1516
1683,1095
1685,1178
1704,1708
1714,2080
1727,1275
1730,1342
1732,1012
1735,1857
1737,4662
1745,1065
1765,1159
1767,1848
1776,1257
1780,1217
1791,1027
1800,1002
1805,1107
1807,2350
1811,1263
1814,1067
1815,1553
1821,1260
1835,1197
1847,1958
1856,2149
1864,2806
1865,1152
1876,1308
1884,1890
1887,1056
1907,12793
1908,3164
1910,1629
1913,1096
1931,3026
1937,1356
1938,1496
1945,1428
1951,1055
1967,1213
1971,1715
1978,1173
1983,4116
1984,1427
1987,1333
1990,2358
2037,2015
2045,2055
2046,2151
2047,1558
2048,4548
2091,1506
2107,8559
2152,1650
2154,1117
2155,1873
2170,1228
2177,1462
2205,1768
2219,1231
2235,1144
2240,1215
2242,1074
2243,1419
2263,1399
2284,2144
2323,1269
2406,22278
2407,1075
2410,1088
2432,2037
2483,1008
2499,2075
2508,2454
2570,1214
2655,1122
2668,1604
2698,1145
2731,1668
2737,1838
2769,1149
2805,1350
2810,11106
2825,1431
2837,2412
2848,1790
2873,2153
2982,1253
3004,1160
3067,3603
3068,3860
3081,1076
3084,1106
3092,2963
3136,1057
3146,4571
3162,1084
3298,1794
3439,1469
3500,1392
3718,1004
3968,1433
3982,1162
4062,1600
4153,1613
4217,1222
4317,5739
4334,1665
4354,2989
4420,1115
4565,1998
4646,1029
4758,10296
4799,1194
5228,4997
5725,1021
6585,1638
6708,10372
6967,2173
8818,1054
8928,1137
9233,2227
9652,5986
9712,1037
9724,1093
10023,1406
10090,18398
10093,1202
10116,1129
10163,1104
10596,1045
10608,1146
10711,1409
10725,4225
10906,3850
10966,3858
10986,1113
11133,1805
11245,1918
11248,3076
11291,1044
11294,10527
11301,3331
11341,6867
11342,5307
11355,2717
11368,4029
11375,1322
11392,1489
11393,1500
11394,1022
11395,2331
11396,4625
11397,3989
11408,2229
11411,3577
11414,1343
11415,2775
11416,4901
11417,1364
11419,1710
11423,16147
11425,2069
11426,1778
11427,5883
11429,2399
11431,1365
11432,2201
11433,2191
Add tags,2051
Add tags,3075
Add tags,2092
Add tags,2118
Add tags,4111
Add tags,2206
Add tags,4256
Add tags,3099
Add tags,2237
Add tags,2239
Add tags,1741
Add tags,2281
Add tags,2290
Add tags,2355
Add tags,2357
Add tags,4421
Add tags,2377
Add tags,2395
Add tags,3626
Add tags,2408
Add tags,2409
Add tags,2413
Add tags,4475
Add tags,2430
Add tags,2435
Add tags,8581
Add tags,7536
Add tags,2448
Add tags,3423
Add tags,2457
Add tags,13751
Add tags,2505
Add tags,4568
Add tags,10716
Add tags,4599
Add tags,4656
Add tags,2630
Add tags,2665
Add tags,2691
Add tags,2695
Add tags,5913
Add tags,3525
Add tags,2729
Add tags,6861
Add tags,2786
Add tags,2789
Add tags,4861
Add tags,11011
Add tags,2842
Add tags,4937
Add tags,2904
Add tags,1169
Add tags,4987
Add tags,3225
Add tags,2202
Add tags,2999
Add tags,3015
Add tags,4259
Add tags,1001
Add tags,1013
Add tags,1016
Add tags,1019
Add tags,1028
Add tags,1031
Add tags,5132
Add tags,1040
Add tags,1041
Add tags,1051
Add tags,1053
Add tags,1058
Add tags,1060
Add tags,1064
Add tags,1068
Add tags,1069
Add tags,1071
Add tags,1073
Add tags,1082
Add tags,1086
Add tags,1089
Add tags,1094
Add tags,1116
Add tags,1118
Add tags,1125
Add tags,1132
Add tags,1133
Add tags,1167
Add tags,1170
Add tags,1172
Add tags,1179
Add tags,1184
Add tags,1188
Add tags,1208
Add tags,1210
Add tags,1221
Add tags,1223
Add tags,1230
Add tags,1233
Add tags,1237
Add tags,1243
Add tags,1247
Add tags,1248
Add tags,1249
Add tags,7403
Add tags,1272
Add tags,1276
Add tags,1279
Add tags,1282
Add tags,1285
Add tags,1302
Add tags,1303
Add tags,1305
Add tags,1307
Add tags,1312
Add tags,1323
Add tags,1353
Add tags,1362
Add tags,1369
Add tags,1397
Add tags,1408
Add tags,1416
Add tags,1422
Add tags,1441
Add tags,1447
Add tags,1454
Add tags,9648
Add tags,1468
Add tags,3595
Add tags,5578
Add tags,1486
Add tags,9682
Add tags,1515
Add tags,1520
Add tags,1526
Add tags,1528
Add tags,1533
Add tags,1542
Add tags,1549
Add tags,1551
Add tags,1555
Add tags,1592
Add tags,3642
Add tags,1602
Add tags,1619
Add tags,1620
Add tags,1622
Add tags,7767
Add tags,1625
Add tags,1631
Add tags,1633
Add tags,3741
Add tags,1713
Add tags,1746
Add tags,5900
Add tags,3373
Add tags,1818
Add tags,1832
Add tags,1835
Add tags,1844
Add tags,2014
Add tags,1854
Add tags,10047
Add tags,1861
Add tags,2314
Add tags,1921
Add tags,1922
Add tags,3734
Add tags,1938
Add tags,3679
Add tags,1948
Add tags,1956
Add tags,1966
Add tags,2011
Add tags,3066
Add tags,2032
Add tags,4083
Add tags,10231
